Gene1,gRNA1,Guide1,Gene2,gRNA2,Guide2,gRNA_combination,Array_category
NT_1,CACGGGCAGCGATCTAGTTG,NT_1,NT_1,CACGGGCAGCGATCTAGTTG,NT_1,CACGGGCAGCGATCTAGTTG_CACGGGCAGCGATCTAGTTG,Kat7
NT_1,CACGGGCAGCGATCTAGTTG,NT_1,NT_2,CTTCACGCCTTGGACCGATA,NT_2,CACGGGCAGCGATCTAGTTG_CTTCACGCCTTGGACCGATA,Kat7
NT_1,CACGGGCAGCGATCTAGTTG,NT_1,Safe_16,AGTACACTATAGTGGCTAGT,Safe_16,CACGGGCAGCGATCTAGTTG_AGTACACTATAGTGGCTAGT,Kat7
NT_1,CACGGGCAGCGATCTAGTTG,NT_1,Safe_37,ATGTAGGAGCTATAACATC,Safe_37,CACGGGCAGCGATCTAGTTG_ATGTAGGAGCTATAACATC,Kat7
NT_1,CACGGGCAGCGATCTAGTTG,NT_1,Epc1,CTATGAGTCCATATACCCTG,Epc1_1,CACGGGCAGCGATCTAGTTG_CTATGAGTCCATATACCCTG,Kat7
NT_1,CACGGGCAGCGATCTAGTTG,NT_1,Epc1,TAGCACAAATGATCCTTACG,Epc1_2,CACGGGCAGCGATCTAGTTG_TAGCACAAATGATCCTTACG,Kat7
NT_1,CACGGGCAGCGATCTAGTTG,NT_1,Epc2,TAAAGCTGTATATGACTACT,Epc2_1,CACGGGCAGCGATCTAGTTG_TAAAGCTGTATATGACTACT,Kat7
NT_1,CACGGGCAGCGATCTAGTTG,NT_1,Epc2,TATCATTTGGGAGACTATGG,Epc2_2,CACGGGCAGCGATCTAGTTG_TATCATTTGGGAGACTATGG,Kat7
NT_1,CACGGGCAGCGATCTAGTTG,NT_1,Ing4,AGGTAGACAAACACATTCGG,Ing4_1,CACGGGCAGCGATCTAGTTG_AGGTAGACAAACACATTCGG,Kat7
NT_1,CACGGGCAGCGATCTAGTTG,NT_1,Ing4,GCGCTACTCATATATTCAG,Ing4_2,CACGGGCAGCGATCTAGTTG_GCGCTACTCATATATTCAG,Kat7
NT_1,CACGGGCAGCGATCTAGTTG,NT_1,Jade2,AGCTGCCCGTAGGCACCTTG,Jade2_1,CACGGGCAGCGATCTAGTTG_AGCTGCCCGTAGGCACCTTG,Kat7
NT_1,CACGGGCAGCGATCTAGTTG,NT_1,Jade2,TGAGATCGATGCGTACTGGT,Jade2_2,CACGGGCAGCGATCTAGTTG_TGAGATCGATGCGTACTGGT,Kat7
NT_1,CACGGGCAGCGATCTAGTTG,NT_1,Kat6a,ATTGGTGGCGAGTTTGACCG,Kat6a_1,CACGGGCAGCGATCTAGTTG_ATTGGTGGCGAGTTTGACCG,Kat7
NT_1,CACGGGCAGCGATCTAGTTG,NT_1,Kat6a,CTTCCACACGAGAAAGACA,Kat6a_2,CACGGGCAGCGATCTAGTTG_CTTCCACACGAGAAAGACA,Kat7
NT_1,CACGGGCAGCGATCTAGTTG,NT_1,Kat7,ACTCGGGCAGATCGGCGCG,Kat7_3,CACGGGCAGCGATCTAGTTG_ACTCGGGCAGATCGGCGCG,Kat7
NT_1,CACGGGCAGCGATCTAGTTG,NT_1,Kat7,CCTATCCTGAGGAATATGCG,Kat7_4,CACGGGCAGCGATCTAGTTG_CCTATCCTGAGGAATATGCG,Kat7
NT_1,CACGGGCAGCGATCTAGTTG,NT_1,Kmt2a,ACGGTAGCGCAGCAAGTGAC,Kmt2a_3,CACGGGCAGCGATCTAGTTG_ACGGTAGCGCAGCAAGTGAC,Kat7
NT_1,CACGGGCAGCGATCTAGTTG,NT_1,Kmt2a,AGAAAGGGCGGCGATCAAGG,Kmt2a_4,CACGGGCAGCGATCTAGTTG_AGAAAGGGCGGCGATCAAGG,Kat7
NT_1,CACGGGCAGCGATCTAGTTG,NT_1,Meaf6,AGCTGGCCGAGCTGGTTAAG,Meaf6_3,CACGGGCAGCGATCTAGTTG_AGCTGGCCGAGCTGGTTAAG,Kat7
NT_1,CACGGGCAGCGATCTAGTTG,NT_1,Meaf6,CCAATAGCAAAAACGACCGG,Meaf6_4,CACGGGCAGCGATCTAGTTG_CCAATAGCAAAAACGACCGG,Kat7
NT_1,CACGGGCAGCGATCTAGTTG,NT_1,Pcna,ATACGTGCAAATTCACCCGA,Pcna_1,CACGGGCAGCGATCTAGTTG_ATACGTGCAAATTCACCCGA,Kat7
NT_1,CACGGGCAGCGATCTAGTTG,NT_1,Pcna,CGCAGAGTAAGCTGTACCA,Pcna_2,CACGGGCAGCGATCTAGTTG_CGCAGAGTAAGCTGTACCA,Kat7
NT_1,CACGGGCAGCGATCTAGTTG,NT_1,Psip1,AAAAATTTAGCTAAACCAG,Psip1_1,CACGGGCAGCGATCTAGTTG_AAAAATTTAGCTAAACCAG,Kat7
NT_1,CACGGGCAGCGATCTAGTTG,NT_1,Psip1,ACTCCAAAAGCTGCCAGGCG,Psip1_2,CACGGGCAGCGATCTAGTTG_ACTCCAAAAGCTGCCAGGCG,Kat7
NT_2,CTTCACGCCTTGGACCGATA,NT_2,NT_1,CACGGGCAGCGATCTAGTTG,NT_1,CTTCACGCCTTGGACCGATA_CACGGGCAGCGATCTAGTTG,Kat7
NT_2,CTTCACGCCTTGGACCGATA,NT_2,NT_2,CTTCACGCCTTGGACCGATA,NT_2,CTTCACGCCTTGGACCGATA_CTTCACGCCTTGGACCGATA,Kat7
NT_2,CTTCACGCCTTGGACCGATA,NT_2,Safe_16,AGTACACTATAGTGGCTAGT,Safe_16,CTTCACGCCTTGGACCGATA_AGTACACTATAGTGGCTAGT,Kat7
NT_2,CTTCACGCCTTGGACCGATA,NT_2,Safe_37,ATGTAGGAGCTATAACATC,Safe_37,CTTCACGCCTTGGACCGATA_ATGTAGGAGCTATAACATC,Kat7
NT_2,CTTCACGCCTTGGACCGATA,NT_2,Epc1,CTATGAGTCCATATACCCTG,Epc1_1,CTTCACGCCTTGGACCGATA_CTATGAGTCCATATACCCTG,Kat7
NT_2,CTTCACGCCTTGGACCGATA,NT_2,Epc1,TAGCACAAATGATCCTTACG,Epc1_2,CTTCACGCCTTGGACCGATA_TAGCACAAATGATCCTTACG,Kat7
NT_2,CTTCACGCCTTGGACCGATA,NT_2,Epc2,TAAAGCTGTATATGACTACT,Epc2_1,CTTCACGCCTTGGACCGATA_TAAAGCTGTATATGACTACT,Kat7
NT_2,CTTCACGCCTTGGACCGATA,NT_2,Epc2,TATCATTTGGGAGACTATGG,Epc2_2,CTTCACGCCTTGGACCGATA_TATCATTTGGGAGACTATGG,Kat7
NT_2,CTTCACGCCTTGGACCGATA,NT_2,Ing4,AGGTAGACAAACACATTCGG,Ing4_1,CTTCACGCCTTGGACCGATA_AGGTAGACAAACACATTCGG,Kat7
NT_2,CTTCACGCCTTGGACCGATA,NT_2,Ing4,GCGCTACTCATATATTCAG,Ing4_2,CTTCACGCCTTGGACCGATA_GCGCTACTCATATATTCAG,Kat7
NT_2,CTTCACGCCTTGGACCGATA,NT_2,Jade2,AGCTGCCCGTAGGCACCTTG,Jade2_1,CTTCACGCCTTGGACCGATA_AGCTGCCCGTAGGCACCTTG,Kat7
NT_2,CTTCACGCCTTGGACCGATA,NT_2,Jade2,TGAGATCGATGCGTACTGGT,Jade2_2,CTTCACGCCTTGGACCGATA_TGAGATCGATGCGTACTGGT,Kat7
NT_2,CTTCACGCCTTGGACCGATA,NT_2,Kat6a,ATTGGTGGCGAGTTTGACCG,Kat6a_1,CTTCACGCCTTGGACCGATA_ATTGGTGGCGAGTTTGACCG,Kat7
NT_2,CTTCACGCCTTGGACCGATA,NT_2,Kat6a,CTTCCACACGAGAAAGACA,Kat6a_2,CTTCACGCCTTGGACCGATA_CTTCCACACGAGAAAGACA,Kat7
NT_2,CTTCACGCCTTGGACCGATA,NT_2,Kat7,ACTCGGGCAGATCGGCGCG,Kat7_3,CTTCACGCCTTGGACCGATA_ACTCGGGCAGATCGGCGCG,Kat7
NT_2,CTTCACGCCTTGGACCGATA,NT_2,Kat7,CCTATCCTGAGGAATATGCG,Kat7_4,CTTCACGCCTTGGACCGATA_CCTATCCTGAGGAATATGCG,Kat7
NT_2,CTTCACGCCTTGGACCGATA,NT_2,Kmt2a,ACGGTAGCGCAGCAAGTGAC,Kmt2a_3,CTTCACGCCTTGGACCGATA_ACGGTAGCGCAGCAAGTGAC,Kat7
NT_2,CTTCACGCCTTGGACCGATA,NT_2,Kmt2a,AGAAAGGGCGGCGATCAAGG,Kmt2a_4,CTTCACGCCTTGGACCGATA_AGAAAGGGCGGCGATCAAGG,Kat7
NT_2,CTTCACGCCTTGGACCGATA,NT_2,Meaf6,AGCTGGCCGAGCTGGTTAAG,Meaf6_3,CTTCACGCCTTGGACCGATA_AGCTGGCCGAGCTGGTTAAG,Kat7
NT_2,CTTCACGCCTTGGACCGATA,NT_2,Meaf6,CCAATAGCAAAAACGACCGG,Meaf6_4,CTTCACGCCTTGGACCGATA_CCAATAGCAAAAACGACCGG,Kat7
NT_2,CTTCACGCCTTGGACCGATA,NT_2,Pcna,ATACGTGCAAATTCACCCGA,Pcna_1,CTTCACGCCTTGGACCGATA_ATACGTGCAAATTCACCCGA,Kat7
NT_2,CTTCACGCCTTGGACCGATA,NT_2,Pcna,CGCAGAGTAAGCTGTACCA,Pcna_2,CTTCACGCCTTGGACCGATA_CGCAGAGTAAGCTGTACCA,Kat7
NT_2,CTTCACGCCTTGGACCGATA,NT_2,Psip1,AAAAATTTAGCTAAACCAG,Psip1_1,CTTCACGCCTTGGACCGATA_AAAAATTTAGCTAAACCAG,Kat7
NT_2,CTTCACGCCTTGGACCGATA,NT_2,Psip1,ACTCCAAAAGCTGCCAGGCG,Psip1_2,CTTCACGCCTTGGACCGATA_ACTCCAAAAGCTGCCAGGCG,Kat7
Safe_16,AGTACACTATAGTGGCTAGT,Safe_16,NT_1,CACGGGCAGCGATCTAGTTG,NT_1,AGTACACTATAGTGGCTAGT_CACGGGCAGCGATCTAGTTG,Kat7
Safe_16,AGTACACTATAGTGGCTAGT,Safe_16,NT_2,CTTCACGCCTTGGACCGATA,NT_2,AGTACACTATAGTGGCTAGT_CTTCACGCCTTGGACCGATA,Kat7
Safe_16,AGTACACTATAGTGGCTAGT,Safe_16,Safe_16,AGTACACTATAGTGGCTAGT,Safe_16,AGTACACTATAGTGGCTAGT_AGTACACTATAGTGGCTAGT,Kat7
Safe_16,AGTACACTATAGTGGCTAGT,Safe_16,Safe_37,ATGTAGGAGCTATAACATC,Safe_37,AGTACACTATAGTGGCTAGT_ATGTAGGAGCTATAACATC,Kat7
Safe_16,AGTACACTATAGTGGCTAGT,Safe_16,Epc1,CTATGAGTCCATATACCCTG,Epc1_1,AGTACACTATAGTGGCTAGT_CTATGAGTCCATATACCCTG,Kat7
Safe_16,AGTACACTATAGTGGCTAGT,Safe_16,Epc1,TAGCACAAATGATCCTTACG,Epc1_2,AGTACACTATAGTGGCTAGT_TAGCACAAATGATCCTTACG,Kat7
Safe_16,AGTACACTATAGTGGCTAGT,Safe_16,Epc2,TAAAGCTGTATATGACTACT,Epc2_1,AGTACACTATAGTGGCTAGT_TAAAGCTGTATATGACTACT,Kat7
Safe_16,AGTACACTATAGTGGCTAGT,Safe_16,Epc2,TATCATTTGGGAGACTATGG,Epc2_2,AGTACACTATAGTGGCTAGT_TATCATTTGGGAGACTATGG,Kat7
Safe_16,AGTACACTATAGTGGCTAGT,Safe_16,Ing4,AGGTAGACAAACACATTCGG,Ing4_1,AGTACACTATAGTGGCTAGT_AGGTAGACAAACACATTCGG,Kat7
Safe_16,AGTACACTATAGTGGCTAGT,Safe_16,Ing4,GCGCTACTCATATATTCAG,Ing4_2,AGTACACTATAGTGGCTAGT_GCGCTACTCATATATTCAG,Kat7
Safe_16,AGTACACTATAGTGGCTAGT,Safe_16,Jade2,AGCTGCCCGTAGGCACCTTG,Jade2_1,AGTACACTATAGTGGCTAGT_AGCTGCCCGTAGGCACCTTG,Kat7
Safe_16,AGTACACTATAGTGGCTAGT,Safe_16,Jade2,TGAGATCGATGCGTACTGGT,Jade2_2,AGTACACTATAGTGGCTAGT_TGAGATCGATGCGTACTGGT,Kat7
Safe_16,AGTACACTATAGTGGCTAGT,Safe_16,Kat6a,ATTGGTGGCGAGTTTGACCG,Kat6a_1,AGTACACTATAGTGGCTAGT_ATTGGTGGCGAGTTTGACCG,Kat7
Safe_16,AGTACACTATAGTGGCTAGT,Safe_16,Kat6a,CTTCCACACGAGAAAGACA,Kat6a_2,AGTACACTATAGTGGCTAGT_CTTCCACACGAGAAAGACA,Kat7
Safe_16,AGTACACTATAGTGGCTAGT,Safe_16,Kat7,ACTCGGGCAGATCGGCGCG,Kat7_3,AGTACACTATAGTGGCTAGT_ACTCGGGCAGATCGGCGCG,Kat7
Safe_16,AGTACACTATAGTGGCTAGT,Safe_16,Kat7,CCTATCCTGAGGAATATGCG,Kat7_4,AGTACACTATAGTGGCTAGT_CCTATCCTGAGGAATATGCG,Kat7
Safe_16,AGTACACTATAGTGGCTAGT,Safe_16,Kmt2a,ACGGTAGCGCAGCAAGTGAC,Kmt2a_3,AGTACACTATAGTGGCTAGT_ACGGTAGCGCAGCAAGTGAC,Kat7
Safe_16,AGTACACTATAGTGGCTAGT,Safe_16,Kmt2a,AGAAAGGGCGGCGATCAAGG,Kmt2a_4,AGTACACTATAGTGGCTAGT_AGAAAGGGCGGCGATCAAGG,Kat7
Safe_16,AGTACACTATAGTGGCTAGT,Safe_16,Meaf6,AGCTGGCCGAGCTGGTTAAG,Meaf6_3,AGTACACTATAGTGGCTAGT_AGCTGGCCGAGCTGGTTAAG,Kat7
Safe_16,AGTACACTATAGTGGCTAGT,Safe_16,Meaf6,CCAATAGCAAAAACGACCGG,Meaf6_4,AGTACACTATAGTGGCTAGT_CCAATAGCAAAAACGACCGG,Kat7
Safe_16,AGTACACTATAGTGGCTAGT,Safe_16,Pcna,ATACGTGCAAATTCACCCGA,Pcna_1,AGTACACTATAGTGGCTAGT_ATACGTGCAAATTCACCCGA,Kat7
Safe_16,AGTACACTATAGTGGCTAGT,Safe_16,Pcna,CGCAGAGTAAGCTGTACCA,Pcna_2,AGTACACTATAGTGGCTAGT_CGCAGAGTAAGCTGTACCA,Kat7
Safe_16,AGTACACTATAGTGGCTAGT,Safe_16,Psip1,AAAAATTTAGCTAAACCAG,Psip1_1,AGTACACTATAGTGGCTAGT_AAAAATTTAGCTAAACCAG,Kat7
Safe_16,AGTACACTATAGTGGCTAGT,Safe_16,Psip1,ACTCCAAAAGCTGCCAGGCG,Psip1_2,AGTACACTATAGTGGCTAGT_ACTCCAAAAGCTGCCAGGCG,Kat7
Safe_37,ATGTAGGAGCTATAACATC,Safe_37,NT_1,CACGGGCAGCGATCTAGTTG,NT_1,ATGTAGGAGCTATAACATC_CACGGGCAGCGATCTAGTTG,Kat7
Safe_37,ATGTAGGAGCTATAACATC,Safe_37,NT_2,CTTCACGCCTTGGACCGATA,NT_2,ATGTAGGAGCTATAACATC_CTTCACGCCTTGGACCGATA,Kat7
Safe_37,ATGTAGGAGCTATAACATC,Safe_37,Safe_16,AGTACACTATAGTGGCTAGT,Safe_16,ATGTAGGAGCTATAACATC_AGTACACTATAGTGGCTAGT,Kat7
Safe_37,ATGTAGGAGCTATAACATC,Safe_37,Safe_37,ATGTAGGAGCTATAACATC,Safe_37,ATGTAGGAGCTATAACATC_ATGTAGGAGCTATAACATC,Kat7
Safe_37,ATGTAGGAGCTATAACATC,Safe_37,Epc1,CTATGAGTCCATATACCCTG,Epc1_1,ATGTAGGAGCTATAACATC_CTATGAGTCCATATACCCTG,Kat7
Safe_37,ATGTAGGAGCTATAACATC,Safe_37,Epc1,TAGCACAAATGATCCTTACG,Epc1_2,ATGTAGGAGCTATAACATC_TAGCACAAATGATCCTTACG,Kat7
Safe_37,ATGTAGGAGCTATAACATC,Safe_37,Epc2,TAAAGCTGTATATGACTACT,Epc2_1,ATGTAGGAGCTATAACATC_TAAAGCTGTATATGACTACT,Kat7
Safe_37,ATGTAGGAGCTATAACATC,Safe_37,Epc2,TATCATTTGGGAGACTATGG,Epc2_2,ATGTAGGAGCTATAACATC_TATCATTTGGGAGACTATGG,Kat7
Safe_37,ATGTAGGAGCTATAACATC,Safe_37,Ing4,AGGTAGACAAACACATTCGG,Ing4_1,ATGTAGGAGCTATAACATC_AGGTAGACAAACACATTCGG,Kat7
Safe_37,ATGTAGGAGCTATAACATC,Safe_37,Ing4,GCGCTACTCATATATTCAG,Ing4_2,ATGTAGGAGCTATAACATC_GCGCTACTCATATATTCAG,Kat7
Safe_37,ATGTAGGAGCTATAACATC,Safe_37,Jade2,AGCTGCCCGTAGGCACCTTG,Jade2_1,ATGTAGGAGCTATAACATC_AGCTGCCCGTAGGCACCTTG,Kat7
Safe_37,ATGTAGGAGCTATAACATC,Safe_37,Jade2,TGAGATCGATGCGTACTGGT,Jade2_2,ATGTAGGAGCTATAACATC_TGAGATCGATGCGTACTGGT,Kat7
Safe_37,ATGTAGGAGCTATAACATC,Safe_37,Kat6a,ATTGGTGGCGAGTTTGACCG,Kat6a_1,ATGTAGGAGCTATAACATC_ATTGGTGGCGAGTTTGACCG,Kat7
Safe_37,ATGTAGGAGCTATAACATC,Safe_37,Kat6a,CTTCCACACGAGAAAGACA,Kat6a_2,ATGTAGGAGCTATAACATC_CTTCCACACGAGAAAGACA,Kat7
Safe_37,ATGTAGGAGCTATAACATC,Safe_37,Kat7,ACTCGGGCAGATCGGCGCG,Kat7_3,ATGTAGGAGCTATAACATC_ACTCGGGCAGATCGGCGCG,Kat7
Safe_37,ATGTAGGAGCTATAACATC,Safe_37,Kat7,CCTATCCTGAGGAATATGCG,Kat7_4,ATGTAGGAGCTATAACATC_CCTATCCTGAGGAATATGCG,Kat7
Safe_37,ATGTAGGAGCTATAACATC,Safe_37,Kmt2a,ACGGTAGCGCAGCAAGTGAC,Kmt2a_3,ATGTAGGAGCTATAACATC_ACGGTAGCGCAGCAAGTGAC,Kat7
Safe_37,ATGTAGGAGCTATAACATC,Safe_37,Kmt2a,AGAAAGGGCGGCGATCAAGG,Kmt2a_4,ATGTAGGAGCTATAACATC_AGAAAGGGCGGCGATCAAGG,Kat7
Safe_37,ATGTAGGAGCTATAACATC,Safe_37,Meaf6,AGCTGGCCGAGCTGGTTAAG,Meaf6_3,ATGTAGGAGCTATAACATC_AGCTGGCCGAGCTGGTTAAG,Kat7
Safe_37,ATGTAGGAGCTATAACATC,Safe_37,Meaf6,CCAATAGCAAAAACGACCGG,Meaf6_4,ATGTAGGAGCTATAACATC_CCAATAGCAAAAACGACCGG,Kat7
Safe_37,ATGTAGGAGCTATAACATC,Safe_37,Pcna,ATACGTGCAAATTCACCCGA,Pcna_1,ATGTAGGAGCTATAACATC_ATACGTGCAAATTCACCCGA,Kat7
Safe_37,ATGTAGGAGCTATAACATC,Safe_37,Pcna,CGCAGAGTAAGCTGTACCA,Pcna_2,ATGTAGGAGCTATAACATC_CGCAGAGTAAGCTGTACCA,Kat7
Safe_37,ATGTAGGAGCTATAACATC,Safe_37,Psip1,AAAAATTTAGCTAAACCAG,Psip1_1,ATGTAGGAGCTATAACATC_AAAAATTTAGCTAAACCAG,Kat7
Safe_37,ATGTAGGAGCTATAACATC,Safe_37,Psip1,ACTCCAAAAGCTGCCAGGCG,Psip1_2,ATGTAGGAGCTATAACATC_ACTCCAAAAGCTGCCAGGCG,Kat7
Ing5,CTAGACCAGAGAACAGAAGG,Ing5_1,NT_1,CACGGGCAGCGATCTAGTTG,NT_1,CTAGACCAGAGAACAGAAGG_CACGGGCAGCGATCTAGTTG,Kat7
Ing5,CTAGACCAGAGAACAGAAGG,Ing5_1,NT_2,CTTCACGCCTTGGACCGATA,NT_2,CTAGACCAGAGAACAGAAGG_CTTCACGCCTTGGACCGATA,Kat7
Ing5,CTAGACCAGAGAACAGAAGG,Ing5_1,Safe_16,AGTACACTATAGTGGCTAGT,Safe_16,CTAGACCAGAGAACAGAAGG_AGTACACTATAGTGGCTAGT,Kat7
Ing5,CTAGACCAGAGAACAGAAGG,Ing5_1,Safe_37,ATGTAGGAGCTATAACATC,Safe_37,CTAGACCAGAGAACAGAAGG_ATGTAGGAGCTATAACATC,Kat7
Ing5,CTAGACCAGAGAACAGAAGG,Ing5_1,Epc1,CTATGAGTCCATATACCCTG,Epc1_1,CTAGACCAGAGAACAGAAGG_CTATGAGTCCATATACCCTG,Kat7
Ing5,CTAGACCAGAGAACAGAAGG,Ing5_1,Epc1,TAGCACAAATGATCCTTACG,Epc1_2,CTAGACCAGAGAACAGAAGG_TAGCACAAATGATCCTTACG,Kat7
Ing5,CTAGACCAGAGAACAGAAGG,Ing5_1,Epc2,TAAAGCTGTATATGACTACT,Epc2_1,CTAGACCAGAGAACAGAAGG_TAAAGCTGTATATGACTACT,Kat7
Ing5,CTAGACCAGAGAACAGAAGG,Ing5_1,Epc2,TATCATTTGGGAGACTATGG,Epc2_2,CTAGACCAGAGAACAGAAGG_TATCATTTGGGAGACTATGG,Kat7
Ing5,CTAGACCAGAGAACAGAAGG,Ing5_1,Ing4,AGGTAGACAAACACATTCGG,Ing4_1,CTAGACCAGAGAACAGAAGG_AGGTAGACAAACACATTCGG,Kat7
Ing5,CTAGACCAGAGAACAGAAGG,Ing5_1,Ing4,GCGCTACTCATATATTCAG,Ing4_2,CTAGACCAGAGAACAGAAGG_GCGCTACTCATATATTCAG,Kat7
Ing5,CTAGACCAGAGAACAGAAGG,Ing5_1,Jade2,AGCTGCCCGTAGGCACCTTG,Jade2_1,CTAGACCAGAGAACAGAAGG_AGCTGCCCGTAGGCACCTTG,Kat7
Ing5,CTAGACCAGAGAACAGAAGG,Ing5_1,Jade2,TGAGATCGATGCGTACTGGT,Jade2_2,CTAGACCAGAGAACAGAAGG_TGAGATCGATGCGTACTGGT,Kat7
Ing5,CTAGACCAGAGAACAGAAGG,Ing5_1,Kat6a,ATTGGTGGCGAGTTTGACCG,Kat6a_1,CTAGACCAGAGAACAGAAGG_ATTGGTGGCGAGTTTGACCG,Kat7
Ing5,CTAGACCAGAGAACAGAAGG,Ing5_1,Kat6a,CTTCCACACGAGAAAGACA,Kat6a_2,CTAGACCAGAGAACAGAAGG_CTTCCACACGAGAAAGACA,Kat7
Ing5,CTAGACCAGAGAACAGAAGG,Ing5_1,Kat7,ACTCGGGCAGATCGGCGCG,Kat7_3,CTAGACCAGAGAACAGAAGG_ACTCGGGCAGATCGGCGCG,Kat7
Ing5,CTAGACCAGAGAACAGAAGG,Ing5_1,Kat7,CCTATCCTGAGGAATATGCG,Kat7_4,CTAGACCAGAGAACAGAAGG_CCTATCCTGAGGAATATGCG,Kat7
Ing5,CTAGACCAGAGAACAGAAGG,Ing5_1,Kmt2a,ACGGTAGCGCAGCAAGTGAC,Kmt2a_3,CTAGACCAGAGAACAGAAGG_ACGGTAGCGCAGCAAGTGAC,Kat7
Ing5,CTAGACCAGAGAACAGAAGG,Ing5_1,Kmt2a,AGAAAGGGCGGCGATCAAGG,Kmt2a_4,CTAGACCAGAGAACAGAAGG_AGAAAGGGCGGCGATCAAGG,Kat7
Ing5,CTAGACCAGAGAACAGAAGG,Ing5_1,Meaf6,AGCTGGCCGAGCTGGTTAAG,Meaf6_3,CTAGACCAGAGAACAGAAGG_AGCTGGCCGAGCTGGTTAAG,Kat7
Ing5,CTAGACCAGAGAACAGAAGG,Ing5_1,Meaf6,CCAATAGCAAAAACGACCGG,Meaf6_4,CTAGACCAGAGAACAGAAGG_CCAATAGCAAAAACGACCGG,Kat7
Ing5,CTAGACCAGAGAACAGAAGG,Ing5_1,Pcna,ATACGTGCAAATTCACCCGA,Pcna_1,CTAGACCAGAGAACAGAAGG_ATACGTGCAAATTCACCCGA,Kat7
Ing5,CTAGACCAGAGAACAGAAGG,Ing5_1,Pcna,CGCAGAGTAAGCTGTACCA,Pcna_2,CTAGACCAGAGAACAGAAGG_CGCAGAGTAAGCTGTACCA,Kat7
Ing5,CTAGACCAGAGAACAGAAGG,Ing5_1,Psip1,AAAAATTTAGCTAAACCAG,Psip1_1,CTAGACCAGAGAACAGAAGG_AAAAATTTAGCTAAACCAG,Kat7
Ing5,CTAGACCAGAGAACAGAAGG,Ing5_1,Psip1,ACTCCAAAAGCTGCCAGGCG,Psip1_2,CTAGACCAGAGAACAGAAGG_ACTCCAAAAGCTGCCAGGCG,Kat7
Ing5,TATCCTCTTCTGACGTCCGC,Ing5_2,NT_1,CACGGGCAGCGATCTAGTTG,NT_1,TATCCTCTTCTGACGTCCGC_CACGGGCAGCGATCTAGTTG,Kat7
Ing5,TATCCTCTTCTGACGTCCGC,Ing5_2,NT_2,CTTCACGCCTTGGACCGATA,NT_2,TATCCTCTTCTGACGTCCGC_CTTCACGCCTTGGACCGATA,Kat7
Ing5,TATCCTCTTCTGACGTCCGC,Ing5_2,Safe_16,AGTACACTATAGTGGCTAGT,Safe_16,TATCCTCTTCTGACGTCCGC_AGTACACTATAGTGGCTAGT,Kat7
Ing5,TATCCTCTTCTGACGTCCGC,Ing5_2,Safe_37,ATGTAGGAGCTATAACATC,Safe_37,TATCCTCTTCTGACGTCCGC_ATGTAGGAGCTATAACATC,Kat7
Ing5,TATCCTCTTCTGACGTCCGC,Ing5_2,Epc1,CTATGAGTCCATATACCCTG,Epc1_1,TATCCTCTTCTGACGTCCGC_CTATGAGTCCATATACCCTG,Kat7
Ing5,TATCCTCTTCTGACGTCCGC,Ing5_2,Epc1,TAGCACAAATGATCCTTACG,Epc1_2,TATCCTCTTCTGACGTCCGC_TAGCACAAATGATCCTTACG,Kat7
Ing5,TATCCTCTTCTGACGTCCGC,Ing5_2,Epc2,TAAAGCTGTATATGACTACT,Epc2_1,TATCCTCTTCTGACGTCCGC_TAAAGCTGTATATGACTACT,Kat7
Ing5,TATCCTCTTCTGACGTCCGC,Ing5_2,Epc2,TATCATTTGGGAGACTATGG,Epc2_2,TATCCTCTTCTGACGTCCGC_TATCATTTGGGAGACTATGG,Kat7
Ing5,TATCCTCTTCTGACGTCCGC,Ing5_2,Ing4,AGGTAGACAAACACATTCGG,Ing4_1,TATCCTCTTCTGACGTCCGC_AGGTAGACAAACACATTCGG,Kat7
Ing5,TATCCTCTTCTGACGTCCGC,Ing5_2,Ing4,GCGCTACTCATATATTCAG,Ing4_2,TATCCTCTTCTGACGTCCGC_GCGCTACTCATATATTCAG,Kat7
Ing5,TATCCTCTTCTGACGTCCGC,Ing5_2,Jade2,AGCTGCCCGTAGGCACCTTG,Jade2_1,TATCCTCTTCTGACGTCCGC_AGCTGCCCGTAGGCACCTTG,Kat7
Ing5,TATCCTCTTCTGACGTCCGC,Ing5_2,Jade2,TGAGATCGATGCGTACTGGT,Jade2_2,TATCCTCTTCTGACGTCCGC_TGAGATCGATGCGTACTGGT,Kat7
Ing5,TATCCTCTTCTGACGTCCGC,Ing5_2,Kat6a,ATTGGTGGCGAGTTTGACCG,Kat6a_1,TATCCTCTTCTGACGTCCGC_ATTGGTGGCGAGTTTGACCG,Kat7
Ing5,TATCCTCTTCTGACGTCCGC,Ing5_2,Kat6a,CTTCCACACGAGAAAGACA,Kat6a_2,TATCCTCTTCTGACGTCCGC_CTTCCACACGAGAAAGACA,Kat7
Ing5,TATCCTCTTCTGACGTCCGC,Ing5_2,Kat7,ACTCGGGCAGATCGGCGCG,Kat7_3,TATCCTCTTCTGACGTCCGC_ACTCGGGCAGATCGGCGCG,Kat7
Ing5,TATCCTCTTCTGACGTCCGC,Ing5_2,Kat7,CCTATCCTGAGGAATATGCG,Kat7_4,TATCCTCTTCTGACGTCCGC_CCTATCCTGAGGAATATGCG,Kat7
Ing5,TATCCTCTTCTGACGTCCGC,Ing5_2,Kmt2a,ACGGTAGCGCAGCAAGTGAC,Kmt2a_3,TATCCTCTTCTGACGTCCGC_ACGGTAGCGCAGCAAGTGAC,Kat7
Ing5,TATCCTCTTCTGACGTCCGC,Ing5_2,Kmt2a,AGAAAGGGCGGCGATCAAGG,Kmt2a_4,TATCCTCTTCTGACGTCCGC_AGAAAGGGCGGCGATCAAGG,Kat7
Ing5,TATCCTCTTCTGACGTCCGC,Ing5_2,Meaf6,AGCTGGCCGAGCTGGTTAAG,Meaf6_3,TATCCTCTTCTGACGTCCGC_AGCTGGCCGAGCTGGTTAAG,Kat7
Ing5,TATCCTCTTCTGACGTCCGC,Ing5_2,Meaf6,CCAATAGCAAAAACGACCGG,Meaf6_4,TATCCTCTTCTGACGTCCGC_CCAATAGCAAAAACGACCGG,Kat7
Ing5,TATCCTCTTCTGACGTCCGC,Ing5_2,Pcna,ATACGTGCAAATTCACCCGA,Pcna_1,TATCCTCTTCTGACGTCCGC_ATACGTGCAAATTCACCCGA,Kat7
Ing5,TATCCTCTTCTGACGTCCGC,Ing5_2,Pcna,CGCAGAGTAAGCTGTACCA,Pcna_2,TATCCTCTTCTGACGTCCGC_CGCAGAGTAAGCTGTACCA,Kat7
Ing5,TATCCTCTTCTGACGTCCGC,Ing5_2,Psip1,AAAAATTTAGCTAAACCAG,Psip1_1,TATCCTCTTCTGACGTCCGC_AAAAATTTAGCTAAACCAG,Kat7
Ing5,TATCCTCTTCTGACGTCCGC,Ing5_2,Psip1,ACTCCAAAAGCTGCCAGGCG,Psip1_2,TATCCTCTTCTGACGTCCGC_ACTCCAAAAGCTGCCAGGCG,Kat7
Kat5,ATGAATGGGTGACTCACGAG,Kat5_1,NT_1,CACGGGCAGCGATCTAGTTG,NT_1,ATGAATGGGTGACTCACGAG_CACGGGCAGCGATCTAGTTG,Kat7
Kat5,ATGAATGGGTGACTCACGAG,Kat5_1,NT_2,CTTCACGCCTTGGACCGATA,NT_2,ATGAATGGGTGACTCACGAG_CTTCACGCCTTGGACCGATA,Kat7
Kat5,ATGAATGGGTGACTCACGAG,Kat5_1,Safe_16,AGTACACTATAGTGGCTAGT,Safe_16,ATGAATGGGTGACTCACGAG_AGTACACTATAGTGGCTAGT,Kat7
Kat5,ATGAATGGGTGACTCACGAG,Kat5_1,Safe_37,ATGTAGGAGCTATAACATC,Safe_37,ATGAATGGGTGACTCACGAG_ATGTAGGAGCTATAACATC,Kat7
Kat5,ATGAATGGGTGACTCACGAG,Kat5_1,Epc1,CTATGAGTCCATATACCCTG,Epc1_1,ATGAATGGGTGACTCACGAG_CTATGAGTCCATATACCCTG,Kat7
Kat5,ATGAATGGGTGACTCACGAG,Kat5_1,Epc1,TAGCACAAATGATCCTTACG,Epc1_2,ATGAATGGGTGACTCACGAG_TAGCACAAATGATCCTTACG,Kat7
Kat5,ATGAATGGGTGACTCACGAG,Kat5_1,Epc2,TAAAGCTGTATATGACTACT,Epc2_1,ATGAATGGGTGACTCACGAG_TAAAGCTGTATATGACTACT,Kat7
Kat5,ATGAATGGGTGACTCACGAG,Kat5_1,Epc2,TATCATTTGGGAGACTATGG,Epc2_2,ATGAATGGGTGACTCACGAG_TATCATTTGGGAGACTATGG,Kat7
Kat5,ATGAATGGGTGACTCACGAG,Kat5_1,Ing4,AGGTAGACAAACACATTCGG,Ing4_1,ATGAATGGGTGACTCACGAG_AGGTAGACAAACACATTCGG,Kat7
Kat5,ATGAATGGGTGACTCACGAG,Kat5_1,Ing4,GCGCTACTCATATATTCAG,Ing4_2,ATGAATGGGTGACTCACGAG_GCGCTACTCATATATTCAG,Kat7
Kat5,ATGAATGGGTGACTCACGAG,Kat5_1,Jade2,AGCTGCCCGTAGGCACCTTG,Jade2_1,ATGAATGGGTGACTCACGAG_AGCTGCCCGTAGGCACCTTG,Kat7
Kat5,ATGAATGGGTGACTCACGAG,Kat5_1,Jade2,TGAGATCGATGCGTACTGGT,Jade2_2,ATGAATGGGTGACTCACGAG_TGAGATCGATGCGTACTGGT,Kat7
Kat5,ATGAATGGGTGACTCACGAG,Kat5_1,Kat6a,ATTGGTGGCGAGTTTGACCG,Kat6a_1,ATGAATGGGTGACTCACGAG_ATTGGTGGCGAGTTTGACCG,Kat7
Kat5,ATGAATGGGTGACTCACGAG,Kat5_1,Kat6a,CTTCCACACGAGAAAGACA,Kat6a_2,ATGAATGGGTGACTCACGAG_CTTCCACACGAGAAAGACA,Kat7
Kat5,ATGAATGGGTGACTCACGAG,Kat5_1,Kat7,ACTCGGGCAGATCGGCGCG,Kat7_3,ATGAATGGGTGACTCACGAG_ACTCGGGCAGATCGGCGCG,Kat7
Kat5,ATGAATGGGTGACTCACGAG,Kat5_1,Kat7,CCTATCCTGAGGAATATGCG,Kat7_4,ATGAATGGGTGACTCACGAG_CCTATCCTGAGGAATATGCG,Kat7
Kat5,ATGAATGGGTGACTCACGAG,Kat5_1,Kmt2a,ACGGTAGCGCAGCAAGTGAC,Kmt2a_3,ATGAATGGGTGACTCACGAG_ACGGTAGCGCAGCAAGTGAC,Kat7
Kat5,ATGAATGGGTGACTCACGAG,Kat5_1,Kmt2a,AGAAAGGGCGGCGATCAAGG,Kmt2a_4,ATGAATGGGTGACTCACGAG_AGAAAGGGCGGCGATCAAGG,Kat7
Kat5,ATGAATGGGTGACTCACGAG,Kat5_1,Meaf6,AGCTGGCCGAGCTGGTTAAG,Meaf6_3,ATGAATGGGTGACTCACGAG_AGCTGGCCGAGCTGGTTAAG,Kat7
Kat5,ATGAATGGGTGACTCACGAG,Kat5_1,Meaf6,CCAATAGCAAAAACGACCGG,Meaf6_4,ATGAATGGGTGACTCACGAG_CCAATAGCAAAAACGACCGG,Kat7
Kat5,ATGAATGGGTGACTCACGAG,Kat5_1,Pcna,ATACGTGCAAATTCACCCGA,Pcna_1,ATGAATGGGTGACTCACGAG_ATACGTGCAAATTCACCCGA,Kat7
Kat5,ATGAATGGGTGACTCACGAG,Kat5_1,Pcna,CGCAGAGTAAGCTGTACCA,Pcna_2,ATGAATGGGTGACTCACGAG_CGCAGAGTAAGCTGTACCA,Kat7
Kat5,ATGAATGGGTGACTCACGAG,Kat5_1,Psip1,AAAAATTTAGCTAAACCAG,Psip1_1,ATGAATGGGTGACTCACGAG_AAAAATTTAGCTAAACCAG,Kat7
Kat5,ATGAATGGGTGACTCACGAG,Kat5_1,Psip1,ACTCCAAAAGCTGCCAGGCG,Psip1_2,ATGAATGGGTGACTCACGAG_ACTCCAAAAGCTGCCAGGCG,Kat7
Kat5,CCAAGACCCCTCATACCAAG,Kat5_2,NT_1,CACGGGCAGCGATCTAGTTG,NT_1,CCAAGACCCCTCATACCAAG_CACGGGCAGCGATCTAGTTG,Kat7
Kat5,CCAAGACCCCTCATACCAAG,Kat5_2,NT_2,CTTCACGCCTTGGACCGATA,NT_2,CCAAGACCCCTCATACCAAG_CTTCACGCCTTGGACCGATA,Kat7
Kat5,CCAAGACCCCTCATACCAAG,Kat5_2,Safe_16,AGTACACTATAGTGGCTAGT,Safe_16,CCAAGACCCCTCATACCAAG_AGTACACTATAGTGGCTAGT,Kat7
Kat5,CCAAGACCCCTCATACCAAG,Kat5_2,Safe_37,ATGTAGGAGCTATAACATC,Safe_37,CCAAGACCCCTCATACCAAG_ATGTAGGAGCTATAACATC,Kat7
Kat5,CCAAGACCCCTCATACCAAG,Kat5_2,Epc1,CTATGAGTCCATATACCCTG,Epc1_1,CCAAGACCCCTCATACCAAG_CTATGAGTCCATATACCCTG,Kat7
Kat5,CCAAGACCCCTCATACCAAG,Kat5_2,Epc1,TAGCACAAATGATCCTTACG,Epc1_2,CCAAGACCCCTCATACCAAG_TAGCACAAATGATCCTTACG,Kat7
Kat5,CCAAGACCCCTCATACCAAG,Kat5_2,Epc2,TAAAGCTGTATATGACTACT,Epc2_1,CCAAGACCCCTCATACCAAG_TAAAGCTGTATATGACTACT,Kat7
Kat5,CCAAGACCCCTCATACCAAG,Kat5_2,Epc2,TATCATTTGGGAGACTATGG,Epc2_2,CCAAGACCCCTCATACCAAG_TATCATTTGGGAGACTATGG,Kat7
Kat5,CCAAGACCCCTCATACCAAG,Kat5_2,Ing4,AGGTAGACAAACACATTCGG,Ing4_1,CCAAGACCCCTCATACCAAG_AGGTAGACAAACACATTCGG,Kat7
Kat5,CCAAGACCCCTCATACCAAG,Kat5_2,Ing4,GCGCTACTCATATATTCAG,Ing4_2,CCAAGACCCCTCATACCAAG_GCGCTACTCATATATTCAG,Kat7
Kat5,CCAAGACCCCTCATACCAAG,Kat5_2,Jade2,AGCTGCCCGTAGGCACCTTG,Jade2_1,CCAAGACCCCTCATACCAAG_AGCTGCCCGTAGGCACCTTG,Kat7
Kat5,CCAAGACCCCTCATACCAAG,Kat5_2,Jade2,TGAGATCGATGCGTACTGGT,Jade2_2,CCAAGACCCCTCATACCAAG_TGAGATCGATGCGTACTGGT,Kat7
Kat5,CCAAGACCCCTCATACCAAG,Kat5_2,Kat6a,ATTGGTGGCGAGTTTGACCG,Kat6a_1,CCAAGACCCCTCATACCAAG_ATTGGTGGCGAGTTTGACCG,Kat7
Kat5,CCAAGACCCCTCATACCAAG,Kat5_2,Kat6a,CTTCCACACGAGAAAGACA,Kat6a_2,CCAAGACCCCTCATACCAAG_CTTCCACACGAGAAAGACA,Kat7
Kat5,CCAAGACCCCTCATACCAAG,Kat5_2,Kat7,ACTCGGGCAGATCGGCGCG,Kat7_3,CCAAGACCCCTCATACCAAG_ACTCGGGCAGATCGGCGCG,Kat7
Kat5,CCAAGACCCCTCATACCAAG,Kat5_2,Kat7,CCTATCCTGAGGAATATGCG,Kat7_4,CCAAGACCCCTCATACCAAG_CCTATCCTGAGGAATATGCG,Kat7
Kat5,CCAAGACCCCTCATACCAAG,Kat5_2,Kmt2a,ACGGTAGCGCAGCAAGTGAC,Kmt2a_3,CCAAGACCCCTCATACCAAG_ACGGTAGCGCAGCAAGTGAC,Kat7
Kat5,CCAAGACCCCTCATACCAAG,Kat5_2,Kmt2a,AGAAAGGGCGGCGATCAAGG,Kmt2a_4,CCAAGACCCCTCATACCAAG_AGAAAGGGCGGCGATCAAGG,Kat7
Kat5,CCAAGACCCCTCATACCAAG,Kat5_2,Meaf6,AGCTGGCCGAGCTGGTTAAG,Meaf6_3,CCAAGACCCCTCATACCAAG_AGCTGGCCGAGCTGGTTAAG,Kat7
Kat5,CCAAGACCCCTCATACCAAG,Kat5_2,Meaf6,CCAATAGCAAAAACGACCGG,Meaf6_4,CCAAGACCCCTCATACCAAG_CCAATAGCAAAAACGACCGG,Kat7
Kat5,CCAAGACCCCTCATACCAAG,Kat5_2,Pcna,ATACGTGCAAATTCACCCGA,Pcna_1,CCAAGACCCCTCATACCAAG_ATACGTGCAAATTCACCCGA,Kat7
Kat5,CCAAGACCCCTCATACCAAG,Kat5_2,Pcna,CGCAGAGTAAGCTGTACCA,Pcna_2,CCAAGACCCCTCATACCAAG_CGCAGAGTAAGCTGTACCA,Kat7
Kat5,CCAAGACCCCTCATACCAAG,Kat5_2,Psip1,AAAAATTTAGCTAAACCAG,Psip1_1,CCAAGACCCCTCATACCAAG_AAAAATTTAGCTAAACCAG,Kat7
Kat5,CCAAGACCCCTCATACCAAG,Kat5_2,Psip1,ACTCCAAAAGCTGCCAGGCG,Psip1_2,CCAAGACCCCTCATACCAAG_ACTCCAAAAGCTGCCAGGCG,Kat7
Kat6b,AAAGGGGTCGTAAACGCAGG,Kat6b_1,NT_1,CACGGGCAGCGATCTAGTTG,NT_1,AAAGGGGTCGTAAACGCAGG_CACGGGCAGCGATCTAGTTG,Kat7
Kat6b,AAAGGGGTCGTAAACGCAGG,Kat6b_1,NT_2,CTTCACGCCTTGGACCGATA,NT_2,AAAGGGGTCGTAAACGCAGG_CTTCACGCCTTGGACCGATA,Kat7
Kat6b,AAAGGGGTCGTAAACGCAGG,Kat6b_1,Safe_16,AGTACACTATAGTGGCTAGT,Safe_16,AAAGGGGTCGTAAACGCAGG_AGTACACTATAGTGGCTAGT,Kat7
Kat6b,AAAGGGGTCGTAAACGCAGG,Kat6b_1,Safe_37,ATGTAGGAGCTATAACATC,Safe_37,AAAGGGGTCGTAAACGCAGG_ATGTAGGAGCTATAACATC,Kat7
Kat6b,AAAGGGGTCGTAAACGCAGG,Kat6b_1,Epc1,CTATGAGTCCATATACCCTG,Epc1_1,AAAGGGGTCGTAAACGCAGG_CTATGAGTCCATATACCCTG,Kat7
Kat6b,AAAGGGGTCGTAAACGCAGG,Kat6b_1,Epc1,TAGCACAAATGATCCTTACG,Epc1_2,AAAGGGGTCGTAAACGCAGG_TAGCACAAATGATCCTTACG,Kat7
Kat6b,AAAGGGGTCGTAAACGCAGG,Kat6b_1,Epc2,TAAAGCTGTATATGACTACT,Epc2_1,AAAGGGGTCGTAAACGCAGG_TAAAGCTGTATATGACTACT,Kat7
Kat6b,AAAGGGGTCGTAAACGCAGG,Kat6b_1,Epc2,TATCATTTGGGAGACTATGG,Epc2_2,AAAGGGGTCGTAAACGCAGG_TATCATTTGGGAGACTATGG,Kat7
Kat6b,AAAGGGGTCGTAAACGCAGG,Kat6b_1,Ing4,AGGTAGACAAACACATTCGG,Ing4_1,AAAGGGGTCGTAAACGCAGG_AGGTAGACAAACACATTCGG,Kat7
Kat6b,AAAGGGGTCGTAAACGCAGG,Kat6b_1,Ing4,GCGCTACTCATATATTCAG,Ing4_2,AAAGGGGTCGTAAACGCAGG_GCGCTACTCATATATTCAG,Kat7
Kat6b,AAAGGGGTCGTAAACGCAGG,Kat6b_1,Jade2,AGCTGCCCGTAGGCACCTTG,Jade2_1,AAAGGGGTCGTAAACGCAGG_AGCTGCCCGTAGGCACCTTG,Kat7
Kat6b,AAAGGGGTCGTAAACGCAGG,Kat6b_1,Jade2,TGAGATCGATGCGTACTGGT,Jade2_2,AAAGGGGTCGTAAACGCAGG_TGAGATCGATGCGTACTGGT,Kat7
Kat6b,AAAGGGGTCGTAAACGCAGG,Kat6b_1,Kat6a,ATTGGTGGCGAGTTTGACCG,Kat6a_1,AAAGGGGTCGTAAACGCAGG_ATTGGTGGCGAGTTTGACCG,Kat7
Kat6b,AAAGGGGTCGTAAACGCAGG,Kat6b_1,Kat6a,CTTCCACACGAGAAAGACA,Kat6a_2,AAAGGGGTCGTAAACGCAGG_CTTCCACACGAGAAAGACA,Kat7
Kat6b,AAAGGGGTCGTAAACGCAGG,Kat6b_1,Kat7,ACTCGGGCAGATCGGCGCG,Kat7_3,AAAGGGGTCGTAAACGCAGG_ACTCGGGCAGATCGGCGCG,Kat7
Kat6b,AAAGGGGTCGTAAACGCAGG,Kat6b_1,Kat7,CCTATCCTGAGGAATATGCG,Kat7_4,AAAGGGGTCGTAAACGCAGG_CCTATCCTGAGGAATATGCG,Kat7
Kat6b,AAAGGGGTCGTAAACGCAGG,Kat6b_1,Kmt2a,ACGGTAGCGCAGCAAGTGAC,Kmt2a_3,AAAGGGGTCGTAAACGCAGG_ACGGTAGCGCAGCAAGTGAC,Kat7
Kat6b,AAAGGGGTCGTAAACGCAGG,Kat6b_1,Kmt2a,AGAAAGGGCGGCGATCAAGG,Kmt2a_4,AAAGGGGTCGTAAACGCAGG_AGAAAGGGCGGCGATCAAGG,Kat7
Kat6b,AAAGGGGTCGTAAACGCAGG,Kat6b_1,Meaf6,AGCTGGCCGAGCTGGTTAAG,Meaf6_3,AAAGGGGTCGTAAACGCAGG_AGCTGGCCGAGCTGGTTAAG,Kat7
Kat6b,AAAGGGGTCGTAAACGCAGG,Kat6b_1,Meaf6,CCAATAGCAAAAACGACCGG,Meaf6_4,AAAGGGGTCGTAAACGCAGG_CCAATAGCAAAAACGACCGG,Kat7
Kat6b,AAAGGGGTCGTAAACGCAGG,Kat6b_1,Pcna,ATACGTGCAAATTCACCCGA,Pcna_1,AAAGGGGTCGTAAACGCAGG_ATACGTGCAAATTCACCCGA,Kat7
Kat6b,AAAGGGGTCGTAAACGCAGG,Kat6b_1,Pcna,CGCAGAGTAAGCTGTACCA,Pcna_2,AAAGGGGTCGTAAACGCAGG_CGCAGAGTAAGCTGTACCA,Kat7
Kat6b,AAAGGGGTCGTAAACGCAGG,Kat6b_1,Psip1,AAAAATTTAGCTAAACCAG,Psip1_1,AAAGGGGTCGTAAACGCAGG_AAAAATTTAGCTAAACCAG,Kat7
Kat6b,AAAGGGGTCGTAAACGCAGG,Kat6b_1,Psip1,ACTCCAAAAGCTGCCAGGCG,Psip1_2,AAAGGGGTCGTAAACGCAGG_ACTCCAAAAGCTGCCAGGCG,Kat7
Kat6b,TCCCGAACTCTATTACTGAG,Kat6b_2,NT_1,CACGGGCAGCGATCTAGTTG,NT_1,TCCCGAACTCTATTACTGAG_CACGGGCAGCGATCTAGTTG,Kat7
Kat6b,TCCCGAACTCTATTACTGAG,Kat6b_2,NT_2,CTTCACGCCTTGGACCGATA,NT_2,TCCCGAACTCTATTACTGAG_CTTCACGCCTTGGACCGATA,Kat7
Kat6b,TCCCGAACTCTATTACTGAG,Kat6b_2,Safe_16,AGTACACTATAGTGGCTAGT,Safe_16,TCCCGAACTCTATTACTGAG_AGTACACTATAGTGGCTAGT,Kat7
Kat6b,TCCCGAACTCTATTACTGAG,Kat6b_2,Safe_37,ATGTAGGAGCTATAACATC,Safe_37,TCCCGAACTCTATTACTGAG_ATGTAGGAGCTATAACATC,Kat7
Kat6b,TCCCGAACTCTATTACTGAG,Kat6b_2,Epc1,CTATGAGTCCATATACCCTG,Epc1_1,TCCCGAACTCTATTACTGAG_CTATGAGTCCATATACCCTG,Kat7
Kat6b,TCCCGAACTCTATTACTGAG,Kat6b_2,Epc1,TAGCACAAATGATCCTTACG,Epc1_2,TCCCGAACTCTATTACTGAG_TAGCACAAATGATCCTTACG,Kat7
Kat6b,TCCCGAACTCTATTACTGAG,Kat6b_2,Epc2,TAAAGCTGTATATGACTACT,Epc2_1,TCCCGAACTCTATTACTGAG_TAAAGCTGTATATGACTACT,Kat7
Kat6b,TCCCGAACTCTATTACTGAG,Kat6b_2,Epc2,TATCATTTGGGAGACTATGG,Epc2_2,TCCCGAACTCTATTACTGAG_TATCATTTGGGAGACTATGG,Kat7
Kat6b,TCCCGAACTCTATTACTGAG,Kat6b_2,Ing4,AGGTAGACAAACACATTCGG,Ing4_1,TCCCGAACTCTATTACTGAG_AGGTAGACAAACACATTCGG,Kat7
Kat6b,TCCCGAACTCTATTACTGAG,Kat6b_2,Ing4,GCGCTACTCATATATTCAG,Ing4_2,TCCCGAACTCTATTACTGAG_GCGCTACTCATATATTCAG,Kat7
Kat6b,TCCCGAACTCTATTACTGAG,Kat6b_2,Jade2,AGCTGCCCGTAGGCACCTTG,Jade2_1,TCCCGAACTCTATTACTGAG_AGCTGCCCGTAGGCACCTTG,Kat7
Kat6b,TCCCGAACTCTATTACTGAG,Kat6b_2,Jade2,TGAGATCGATGCGTACTGGT,Jade2_2,TCCCGAACTCTATTACTGAG_TGAGATCGATGCGTACTGGT,Kat7
Kat6b,TCCCGAACTCTATTACTGAG,Kat6b_2,Kat6a,ATTGGTGGCGAGTTTGACCG,Kat6a_1,TCCCGAACTCTATTACTGAG_ATTGGTGGCGAGTTTGACCG,Kat7
Kat6b,TCCCGAACTCTATTACTGAG,Kat6b_2,Kat6a,CTTCCACACGAGAAAGACA,Kat6a_2,TCCCGAACTCTATTACTGAG_CTTCCACACGAGAAAGACA,Kat7
Kat6b,TCCCGAACTCTATTACTGAG,Kat6b_2,Kat7,ACTCGGGCAGATCGGCGCG,Kat7_3,TCCCGAACTCTATTACTGAG_ACTCGGGCAGATCGGCGCG,Kat7
Kat6b,TCCCGAACTCTATTACTGAG,Kat6b_2,Kat7,CCTATCCTGAGGAATATGCG,Kat7_4,TCCCGAACTCTATTACTGAG_CCTATCCTGAGGAATATGCG,Kat7
Kat6b,TCCCGAACTCTATTACTGAG,Kat6b_2,Kmt2a,ACGGTAGCGCAGCAAGTGAC,Kmt2a_3,TCCCGAACTCTATTACTGAG_ACGGTAGCGCAGCAAGTGAC,Kat7
Kat6b,TCCCGAACTCTATTACTGAG,Kat6b_2,Kmt2a,AGAAAGGGCGGCGATCAAGG,Kmt2a_4,TCCCGAACTCTATTACTGAG_AGAAAGGGCGGCGATCAAGG,Kat7
Kat6b,TCCCGAACTCTATTACTGAG,Kat6b_2,Meaf6,AGCTGGCCGAGCTGGTTAAG,Meaf6_3,TCCCGAACTCTATTACTGAG_AGCTGGCCGAGCTGGTTAAG,Kat7
Kat6b,TCCCGAACTCTATTACTGAG,Kat6b_2,Meaf6,CCAATAGCAAAAACGACCGG,Meaf6_4,TCCCGAACTCTATTACTGAG_CCAATAGCAAAAACGACCGG,Kat7
Kat6b,TCCCGAACTCTATTACTGAG,Kat6b_2,Pcna,ATACGTGCAAATTCACCCGA,Pcna_1,TCCCGAACTCTATTACTGAG_ATACGTGCAAATTCACCCGA,Kat7
Kat6b,TCCCGAACTCTATTACTGAG,Kat6b_2,Pcna,CGCAGAGTAAGCTGTACCA,Pcna_2,TCCCGAACTCTATTACTGAG_CGCAGAGTAAGCTGTACCA,Kat7
Kat6b,TCCCGAACTCTATTACTGAG,Kat6b_2,Psip1,AAAAATTTAGCTAAACCAG,Psip1_1,TCCCGAACTCTATTACTGAG_AAAAATTTAGCTAAACCAG,Kat7
Kat6b,TCCCGAACTCTATTACTGAG,Kat6b_2,Psip1,ACTCCAAAAGCTGCCAGGCG,Psip1_2,TCCCGAACTCTATTACTGAG_ACTCCAAAAGCTGCCAGGCG,Kat7
Kat7,ACTCGGGCAGATCGGCGCG,Kat7_1,NT_1,CACGGGCAGCGATCTAGTTG,NT_1,ACTCGGGCAGATCGGCGCG_CACGGGCAGCGATCTAGTTG,Kat7
Kat7,ACTCGGGCAGATCGGCGCG,Kat7_1,NT_2,CTTCACGCCTTGGACCGATA,NT_2,ACTCGGGCAGATCGGCGCG_CTTCACGCCTTGGACCGATA,Kat7
Kat7,ACTCGGGCAGATCGGCGCG,Kat7_1,Safe_16,AGTACACTATAGTGGCTAGT,Safe_16,ACTCGGGCAGATCGGCGCG_AGTACACTATAGTGGCTAGT,Kat7
Kat7,ACTCGGGCAGATCGGCGCG,Kat7_1,Safe_37,ATGTAGGAGCTATAACATC,Safe_37,ACTCGGGCAGATCGGCGCG_ATGTAGGAGCTATAACATC,Kat7
Kat7,ACTCGGGCAGATCGGCGCG,Kat7_1,Epc1,CTATGAGTCCATATACCCTG,Epc1_1,ACTCGGGCAGATCGGCGCG_CTATGAGTCCATATACCCTG,Kat7
Kat7,ACTCGGGCAGATCGGCGCG,Kat7_1,Epc1,TAGCACAAATGATCCTTACG,Epc1_2,ACTCGGGCAGATCGGCGCG_TAGCACAAATGATCCTTACG,Kat7
Kat7,ACTCGGGCAGATCGGCGCG,Kat7_1,Epc2,TAAAGCTGTATATGACTACT,Epc2_1,ACTCGGGCAGATCGGCGCG_TAAAGCTGTATATGACTACT,Kat7
Kat7,ACTCGGGCAGATCGGCGCG,Kat7_1,Epc2,TATCATTTGGGAGACTATGG,Epc2_2,ACTCGGGCAGATCGGCGCG_TATCATTTGGGAGACTATGG,Kat7
Kat7,ACTCGGGCAGATCGGCGCG,Kat7_1,Ing4,AGGTAGACAAACACATTCGG,Ing4_1,ACTCGGGCAGATCGGCGCG_AGGTAGACAAACACATTCGG,Kat7
Kat7,ACTCGGGCAGATCGGCGCG,Kat7_1,Ing4,GCGCTACTCATATATTCAG,Ing4_2,ACTCGGGCAGATCGGCGCG_GCGCTACTCATATATTCAG,Kat7
Kat7,ACTCGGGCAGATCGGCGCG,Kat7_1,Jade2,AGCTGCCCGTAGGCACCTTG,Jade2_1,ACTCGGGCAGATCGGCGCG_AGCTGCCCGTAGGCACCTTG,Kat7
Kat7,ACTCGGGCAGATCGGCGCG,Kat7_1,Jade2,TGAGATCGATGCGTACTGGT,Jade2_2,ACTCGGGCAGATCGGCGCG_TGAGATCGATGCGTACTGGT,Kat7
Kat7,ACTCGGGCAGATCGGCGCG,Kat7_1,Kat6a,ATTGGTGGCGAGTTTGACCG,Kat6a_1,ACTCGGGCAGATCGGCGCG_ATTGGTGGCGAGTTTGACCG,Kat7
Kat7,ACTCGGGCAGATCGGCGCG,Kat7_1,Kat6a,CTTCCACACGAGAAAGACA,Kat6a_2,ACTCGGGCAGATCGGCGCG_CTTCCACACGAGAAAGACA,Kat7
Kat7,ACTCGGGCAGATCGGCGCG,Kat7_1,Kat7,ACTCGGGCAGATCGGCGCG,Kat7_3,ACTCGGGCAGATCGGCGCG_ACTCGGGCAGATCGGCGCG,Kat7
Kat7,ACTCGGGCAGATCGGCGCG,Kat7_1,Kat7,CCTATCCTGAGGAATATGCG,Kat7_4,ACTCGGGCAGATCGGCGCG_CCTATCCTGAGGAATATGCG,Kat7
Kat7,ACTCGGGCAGATCGGCGCG,Kat7_1,Kmt2a,ACGGTAGCGCAGCAAGTGAC,Kmt2a_3,ACTCGGGCAGATCGGCGCG_ACGGTAGCGCAGCAAGTGAC,Kat7
Kat7,ACTCGGGCAGATCGGCGCG,Kat7_1,Kmt2a,AGAAAGGGCGGCGATCAAGG,Kmt2a_4,ACTCGGGCAGATCGGCGCG_AGAAAGGGCGGCGATCAAGG,Kat7
Kat7,ACTCGGGCAGATCGGCGCG,Kat7_1,Meaf6,AGCTGGCCGAGCTGGTTAAG,Meaf6_3,ACTCGGGCAGATCGGCGCG_AGCTGGCCGAGCTGGTTAAG,Kat7
Kat7,ACTCGGGCAGATCGGCGCG,Kat7_1,Meaf6,CCAATAGCAAAAACGACCGG,Meaf6_4,ACTCGGGCAGATCGGCGCG_CCAATAGCAAAAACGACCGG,Kat7
Kat7,ACTCGGGCAGATCGGCGCG,Kat7_1,Pcna,ATACGTGCAAATTCACCCGA,Pcna_1,ACTCGGGCAGATCGGCGCG_ATACGTGCAAATTCACCCGA,Kat7
Kat7,ACTCGGGCAGATCGGCGCG,Kat7_1,Pcna,CGCAGAGTAAGCTGTACCA,Pcna_2,ACTCGGGCAGATCGGCGCG_CGCAGAGTAAGCTGTACCA,Kat7
Kat7,ACTCGGGCAGATCGGCGCG,Kat7_1,Psip1,AAAAATTTAGCTAAACCAG,Psip1_1,ACTCGGGCAGATCGGCGCG_AAAAATTTAGCTAAACCAG,Kat7
Kat7,ACTCGGGCAGATCGGCGCG,Kat7_1,Psip1,ACTCCAAAAGCTGCCAGGCG,Psip1_2,ACTCGGGCAGATCGGCGCG_ACTCCAAAAGCTGCCAGGCG,Kat7
Kat7,CCTATCCTGAGGAATATGCG,Kat7_2,NT_1,CACGGGCAGCGATCTAGTTG,NT_1,CCTATCCTGAGGAATATGCG_CACGGGCAGCGATCTAGTTG,Kat7
Kat7,CCTATCCTGAGGAATATGCG,Kat7_2,NT_2,CTTCACGCCTTGGACCGATA,NT_2,CCTATCCTGAGGAATATGCG_CTTCACGCCTTGGACCGATA,Kat7
Kat7,CCTATCCTGAGGAATATGCG,Kat7_2,Safe_16,AGTACACTATAGTGGCTAGT,Safe_16,CCTATCCTGAGGAATATGCG_AGTACACTATAGTGGCTAGT,Kat7
Kat7,CCTATCCTGAGGAATATGCG,Kat7_2,Safe_37,ATGTAGGAGCTATAACATC,Safe_37,CCTATCCTGAGGAATATGCG_ATGTAGGAGCTATAACATC,Kat7
Kat7,CCTATCCTGAGGAATATGCG,Kat7_2,Epc1,CTATGAGTCCATATACCCTG,Epc1_1,CCTATCCTGAGGAATATGCG_CTATGAGTCCATATACCCTG,Kat7
Kat7,CCTATCCTGAGGAATATGCG,Kat7_2,Epc1,TAGCACAAATGATCCTTACG,Epc1_2,CCTATCCTGAGGAATATGCG_TAGCACAAATGATCCTTACG,Kat7
Kat7,CCTATCCTGAGGAATATGCG,Kat7_2,Epc2,TAAAGCTGTATATGACTACT,Epc2_1,CCTATCCTGAGGAATATGCG_TAAAGCTGTATATGACTACT,Kat7
Kat7,CCTATCCTGAGGAATATGCG,Kat7_2,Epc2,TATCATTTGGGAGACTATGG,Epc2_2,CCTATCCTGAGGAATATGCG_TATCATTTGGGAGACTATGG,Kat7
Kat7,CCTATCCTGAGGAATATGCG,Kat7_2,Ing4,AGGTAGACAAACACATTCGG,Ing4_1,CCTATCCTGAGGAATATGCG_AGGTAGACAAACACATTCGG,Kat7
Kat7,CCTATCCTGAGGAATATGCG,Kat7_2,Ing4,GCGCTACTCATATATTCAG,Ing4_2,CCTATCCTGAGGAATATGCG_GCGCTACTCATATATTCAG,Kat7
Kat7,CCTATCCTGAGGAATATGCG,Kat7_2,Jade2,AGCTGCCCGTAGGCACCTTG,Jade2_1,CCTATCCTGAGGAATATGCG_AGCTGCCCGTAGGCACCTTG,Kat7
Kat7,CCTATCCTGAGGAATATGCG,Kat7_2,Jade2,TGAGATCGATGCGTACTGGT,Jade2_2,CCTATCCTGAGGAATATGCG_TGAGATCGATGCGTACTGGT,Kat7
Kat7,CCTATCCTGAGGAATATGCG,Kat7_2,Kat6a,ATTGGTGGCGAGTTTGACCG,Kat6a_1,CCTATCCTGAGGAATATGCG_ATTGGTGGCGAGTTTGACCG,Kat7
Kat7,CCTATCCTGAGGAATATGCG,Kat7_2,Kat6a,CTTCCACACGAGAAAGACA,Kat6a_2,CCTATCCTGAGGAATATGCG_CTTCCACACGAGAAAGACA,Kat7
Kat7,CCTATCCTGAGGAATATGCG,Kat7_2,Kat7,ACTCGGGCAGATCGGCGCG,Kat7_3,CCTATCCTGAGGAATATGCG_ACTCGGGCAGATCGGCGCG,Kat7
Kat7,CCTATCCTGAGGAATATGCG,Kat7_2,Kat7,CCTATCCTGAGGAATATGCG,Kat7_4,CCTATCCTGAGGAATATGCG_CCTATCCTGAGGAATATGCG,Kat7
Kat7,CCTATCCTGAGGAATATGCG,Kat7_2,Kmt2a,ACGGTAGCGCAGCAAGTGAC,Kmt2a_3,CCTATCCTGAGGAATATGCG_ACGGTAGCGCAGCAAGTGAC,Kat7
Kat7,CCTATCCTGAGGAATATGCG,Kat7_2,Kmt2a,AGAAAGGGCGGCGATCAAGG,Kmt2a_4,CCTATCCTGAGGAATATGCG_AGAAAGGGCGGCGATCAAGG,Kat7
Kat7,CCTATCCTGAGGAATATGCG,Kat7_2,Meaf6,AGCTGGCCGAGCTGGTTAAG,Meaf6_3,CCTATCCTGAGGAATATGCG_AGCTGGCCGAGCTGGTTAAG,Kat7
Kat7,CCTATCCTGAGGAATATGCG,Kat7_2,Meaf6,CCAATAGCAAAAACGACCGG,Meaf6_4,CCTATCCTGAGGAATATGCG_CCAATAGCAAAAACGACCGG,Kat7
Kat7,CCTATCCTGAGGAATATGCG,Kat7_2,Pcna,ATACGTGCAAATTCACCCGA,Pcna_1,CCTATCCTGAGGAATATGCG_ATACGTGCAAATTCACCCGA,Kat7
Kat7,CCTATCCTGAGGAATATGCG,Kat7_2,Pcna,CGCAGAGTAAGCTGTACCA,Pcna_2,CCTATCCTGAGGAATATGCG_CGCAGAGTAAGCTGTACCA,Kat7
Kat7,CCTATCCTGAGGAATATGCG,Kat7_2,Psip1,AAAAATTTAGCTAAACCAG,Psip1_1,CCTATCCTGAGGAATATGCG_AAAAATTTAGCTAAACCAG,Kat7
Kat7,CCTATCCTGAGGAATATGCG,Kat7_2,Psip1,ACTCCAAAAGCTGCCAGGCG,Psip1_2,CCTATCCTGAGGAATATGCG_ACTCCAAAAGCTGCCAGGCG,Kat7
Kmt2a,ACGGTAGCGCAGCAAGTGAC,Kmt2a_1,NT_1,CACGGGCAGCGATCTAGTTG,NT_1,ACGGTAGCGCAGCAAGTGAC_CACGGGCAGCGATCTAGTTG,Kat7
Kmt2a,ACGGTAGCGCAGCAAGTGAC,Kmt2a_1,NT_2,CTTCACGCCTTGGACCGATA,NT_2,ACGGTAGCGCAGCAAGTGAC_CTTCACGCCTTGGACCGATA,Kat7
Kmt2a,ACGGTAGCGCAGCAAGTGAC,Kmt2a_1,Safe_16,AGTACACTATAGTGGCTAGT,Safe_16,ACGGTAGCGCAGCAAGTGAC_AGTACACTATAGTGGCTAGT,Kat7
Kmt2a,ACGGTAGCGCAGCAAGTGAC,Kmt2a_1,Safe_37,ATGTAGGAGCTATAACATC,Safe_37,ACGGTAGCGCAGCAAGTGAC_ATGTAGGAGCTATAACATC,Kat7
Kmt2a,ACGGTAGCGCAGCAAGTGAC,Kmt2a_1,Epc1,CTATGAGTCCATATACCCTG,Epc1_1,ACGGTAGCGCAGCAAGTGAC_CTATGAGTCCATATACCCTG,Kat7
Kmt2a,ACGGTAGCGCAGCAAGTGAC,Kmt2a_1,Epc1,TAGCACAAATGATCCTTACG,Epc1_2,ACGGTAGCGCAGCAAGTGAC_TAGCACAAATGATCCTTACG,Kat7
Kmt2a,ACGGTAGCGCAGCAAGTGAC,Kmt2a_1,Epc2,TAAAGCTGTATATGACTACT,Epc2_1,ACGGTAGCGCAGCAAGTGAC_TAAAGCTGTATATGACTACT,Kat7
Kmt2a,ACGGTAGCGCAGCAAGTGAC,Kmt2a_1,Epc2,TATCATTTGGGAGACTATGG,Epc2_2,ACGGTAGCGCAGCAAGTGAC_TATCATTTGGGAGACTATGG,Kat7
Kmt2a,ACGGTAGCGCAGCAAGTGAC,Kmt2a_1,Ing4,AGGTAGACAAACACATTCGG,Ing4_1,ACGGTAGCGCAGCAAGTGAC_AGGTAGACAAACACATTCGG,Kat7
Kmt2a,ACGGTAGCGCAGCAAGTGAC,Kmt2a_1,Ing4,GCGCTACTCATATATTCAG,Ing4_2,ACGGTAGCGCAGCAAGTGAC_GCGCTACTCATATATTCAG,Kat7
Kmt2a,ACGGTAGCGCAGCAAGTGAC,Kmt2a_1,Jade2,AGCTGCCCGTAGGCACCTTG,Jade2_1,ACGGTAGCGCAGCAAGTGAC_AGCTGCCCGTAGGCACCTTG,Kat7
Kmt2a,ACGGTAGCGCAGCAAGTGAC,Kmt2a_1,Jade2,TGAGATCGATGCGTACTGGT,Jade2_2,ACGGTAGCGCAGCAAGTGAC_TGAGATCGATGCGTACTGGT,Kat7
Kmt2a,ACGGTAGCGCAGCAAGTGAC,Kmt2a_1,Kat6a,ATTGGTGGCGAGTTTGACCG,Kat6a_1,ACGGTAGCGCAGCAAGTGAC_ATTGGTGGCGAGTTTGACCG,Kat7
Kmt2a,ACGGTAGCGCAGCAAGTGAC,Kmt2a_1,Kat6a,CTTCCACACGAGAAAGACA,Kat6a_2,ACGGTAGCGCAGCAAGTGAC_CTTCCACACGAGAAAGACA,Kat7
Kmt2a,ACGGTAGCGCAGCAAGTGAC,Kmt2a_1,Kat7,ACTCGGGCAGATCGGCGCG,Kat7_3,ACGGTAGCGCAGCAAGTGAC_ACTCGGGCAGATCGGCGCG,Kat7
Kmt2a,ACGGTAGCGCAGCAAGTGAC,Kmt2a_1,Kat7,CCTATCCTGAGGAATATGCG,Kat7_4,ACGGTAGCGCAGCAAGTGAC_CCTATCCTGAGGAATATGCG,Kat7
Kmt2a,ACGGTAGCGCAGCAAGTGAC,Kmt2a_1,Kmt2a,ACGGTAGCGCAGCAAGTGAC,Kmt2a_3,ACGGTAGCGCAGCAAGTGAC_ACGGTAGCGCAGCAAGTGAC,Kat7
Kmt2a,ACGGTAGCGCAGCAAGTGAC,Kmt2a_1,Kmt2a,AGAAAGGGCGGCGATCAAGG,Kmt2a_4,ACGGTAGCGCAGCAAGTGAC_AGAAAGGGCGGCGATCAAGG,Kat7
Kmt2a,ACGGTAGCGCAGCAAGTGAC,Kmt2a_1,Meaf6,AGCTGGCCGAGCTGGTTAAG,Meaf6_3,ACGGTAGCGCAGCAAGTGAC_AGCTGGCCGAGCTGGTTAAG,Kat7
Kmt2a,ACGGTAGCGCAGCAAGTGAC,Kmt2a_1,Meaf6,CCAATAGCAAAAACGACCGG,Meaf6_4,ACGGTAGCGCAGCAAGTGAC_CCAATAGCAAAAACGACCGG,Kat7
Kmt2a,ACGGTAGCGCAGCAAGTGAC,Kmt2a_1,Pcna,ATACGTGCAAATTCACCCGA,Pcna_1,ACGGTAGCGCAGCAAGTGAC_ATACGTGCAAATTCACCCGA,Kat7
Kmt2a,ACGGTAGCGCAGCAAGTGAC,Kmt2a_1,Pcna,CGCAGAGTAAGCTGTACCA,Pcna_2,ACGGTAGCGCAGCAAGTGAC_CGCAGAGTAAGCTGTACCA,Kat7
Kmt2a,ACGGTAGCGCAGCAAGTGAC,Kmt2a_1,Psip1,AAAAATTTAGCTAAACCAG,Psip1_1,ACGGTAGCGCAGCAAGTGAC_AAAAATTTAGCTAAACCAG,Kat7
Kmt2a,ACGGTAGCGCAGCAAGTGAC,Kmt2a_1,Psip1,ACTCCAAAAGCTGCCAGGCG,Psip1_2,ACGGTAGCGCAGCAAGTGAC_ACTCCAAAAGCTGCCAGGCG,Kat7
Kmt2a,AGAAAGGGCGGCGATCAAGG,Kmt2a_2,NT_1,CACGGGCAGCGATCTAGTTG,NT_1,AGAAAGGGCGGCGATCAAGG_CACGGGCAGCGATCTAGTTG,Kat7
Kmt2a,AGAAAGGGCGGCGATCAAGG,Kmt2a_2,NT_2,CTTCACGCCTTGGACCGATA,NT_2,AGAAAGGGCGGCGATCAAGG_CTTCACGCCTTGGACCGATA,Kat7
Kmt2a,AGAAAGGGCGGCGATCAAGG,Kmt2a_2,Safe_16,AGTACACTATAGTGGCTAGT,Safe_16,AGAAAGGGCGGCGATCAAGG_AGTACACTATAGTGGCTAGT,Kat7
Kmt2a,AGAAAGGGCGGCGATCAAGG,Kmt2a_2,Safe_37,ATGTAGGAGCTATAACATC,Safe_37,AGAAAGGGCGGCGATCAAGG_ATGTAGGAGCTATAACATC,Kat7
Kmt2a,AGAAAGGGCGGCGATCAAGG,Kmt2a_2,Epc1,CTATGAGTCCATATACCCTG,Epc1_1,AGAAAGGGCGGCGATCAAGG_CTATGAGTCCATATACCCTG,Kat7
Kmt2a,AGAAAGGGCGGCGATCAAGG,Kmt2a_2,Epc1,TAGCACAAATGATCCTTACG,Epc1_2,AGAAAGGGCGGCGATCAAGG_TAGCACAAATGATCCTTACG,Kat7
Kmt2a,AGAAAGGGCGGCGATCAAGG,Kmt2a_2,Epc2,TAAAGCTGTATATGACTACT,Epc2_1,AGAAAGGGCGGCGATCAAGG_TAAAGCTGTATATGACTACT,Kat7
Kmt2a,AGAAAGGGCGGCGATCAAGG,Kmt2a_2,Epc2,TATCATTTGGGAGACTATGG,Epc2_2,AGAAAGGGCGGCGATCAAGG_TATCATTTGGGAGACTATGG,Kat7
Kmt2a,AGAAAGGGCGGCGATCAAGG,Kmt2a_2,Ing4,AGGTAGACAAACACATTCGG,Ing4_1,AGAAAGGGCGGCGATCAAGG_AGGTAGACAAACACATTCGG,Kat7
Kmt2a,AGAAAGGGCGGCGATCAAGG,Kmt2a_2,Ing4,GCGCTACTCATATATTCAG,Ing4_2,AGAAAGGGCGGCGATCAAGG_GCGCTACTCATATATTCAG,Kat7
Kmt2a,AGAAAGGGCGGCGATCAAGG,Kmt2a_2,Jade2,AGCTGCCCGTAGGCACCTTG,Jade2_1,AGAAAGGGCGGCGATCAAGG_AGCTGCCCGTAGGCACCTTG,Kat7
Kmt2a,AGAAAGGGCGGCGATCAAGG,Kmt2a_2,Jade2,TGAGATCGATGCGTACTGGT,Jade2_2,AGAAAGGGCGGCGATCAAGG_TGAGATCGATGCGTACTGGT,Kat7
Kmt2a,AGAAAGGGCGGCGATCAAGG,Kmt2a_2,Kat6a,ATTGGTGGCGAGTTTGACCG,Kat6a_1,AGAAAGGGCGGCGATCAAGG_ATTGGTGGCGAGTTTGACCG,Kat7
Kmt2a,AGAAAGGGCGGCGATCAAGG,Kmt2a_2,Kat6a,CTTCCACACGAGAAAGACA,Kat6a_2,AGAAAGGGCGGCGATCAAGG_CTTCCACACGAGAAAGACA,Kat7
Kmt2a,AGAAAGGGCGGCGATCAAGG,Kmt2a_2,Kat7,ACTCGGGCAGATCGGCGCG,Kat7_3,AGAAAGGGCGGCGATCAAGG_ACTCGGGCAGATCGGCGCG,Kat7
Kmt2a,AGAAAGGGCGGCGATCAAGG,Kmt2a_2,Kat7,CCTATCCTGAGGAATATGCG,Kat7_4,AGAAAGGGCGGCGATCAAGG_CCTATCCTGAGGAATATGCG,Kat7
Kmt2a,AGAAAGGGCGGCGATCAAGG,Kmt2a_2,Kmt2a,ACGGTAGCGCAGCAAGTGAC,Kmt2a_3,AGAAAGGGCGGCGATCAAGG_ACGGTAGCGCAGCAAGTGAC,Kat7
Kmt2a,AGAAAGGGCGGCGATCAAGG,Kmt2a_2,Kmt2a,AGAAAGGGCGGCGATCAAGG,Kmt2a_4,AGAAAGGGCGGCGATCAAGG_AGAAAGGGCGGCGATCAAGG,Kat7
Kmt2a,AGAAAGGGCGGCGATCAAGG,Kmt2a_2,Meaf6,AGCTGGCCGAGCTGGTTAAG,Meaf6_3,AGAAAGGGCGGCGATCAAGG_AGCTGGCCGAGCTGGTTAAG,Kat7
Kmt2a,AGAAAGGGCGGCGATCAAGG,Kmt2a_2,Meaf6,CCAATAGCAAAAACGACCGG,Meaf6_4,AGAAAGGGCGGCGATCAAGG_CCAATAGCAAAAACGACCGG,Kat7
Kmt2a,AGAAAGGGCGGCGATCAAGG,Kmt2a_2,Pcna,ATACGTGCAAATTCACCCGA,Pcna_1,AGAAAGGGCGGCGATCAAGG_ATACGTGCAAATTCACCCGA,Kat7
Kmt2a,AGAAAGGGCGGCGATCAAGG,Kmt2a_2,Pcna,CGCAGAGTAAGCTGTACCA,Pcna_2,AGAAAGGGCGGCGATCAAGG_CGCAGAGTAAGCTGTACCA,Kat7
Kmt2a,AGAAAGGGCGGCGATCAAGG,Kmt2a_2,Psip1,AAAAATTTAGCTAAACCAG,Psip1_1,AGAAAGGGCGGCGATCAAGG_AAAAATTTAGCTAAACCAG,Kat7
Kmt2a,AGAAAGGGCGGCGATCAAGG,Kmt2a_2,Psip1,ACTCCAAAAGCTGCCAGGCG,Psip1_2,AGAAAGGGCGGCGATCAAGG_ACTCCAAAAGCTGCCAGGCG,Kat7
Meaf6,AGCTGGCCGAGCTGGTTAAG,Meaf6_1,NT_1,CACGGGCAGCGATCTAGTTG,NT_1,AGCTGGCCGAGCTGGTTAAG_CACGGGCAGCGATCTAGTTG,Kat7
Meaf6,AGCTGGCCGAGCTGGTTAAG,Meaf6_1,NT_2,CTTCACGCCTTGGACCGATA,NT_2,AGCTGGCCGAGCTGGTTAAG_CTTCACGCCTTGGACCGATA,Kat7
Meaf6,AGCTGGCCGAGCTGGTTAAG,Meaf6_1,Safe_16,AGTACACTATAGTGGCTAGT,Safe_16,AGCTGGCCGAGCTGGTTAAG_AGTACACTATAGTGGCTAGT,Kat7
Meaf6,AGCTGGCCGAGCTGGTTAAG,Meaf6_1,Safe_37,ATGTAGGAGCTATAACATC,Safe_37,AGCTGGCCGAGCTGGTTAAG_ATGTAGGAGCTATAACATC,Kat7
Meaf6,AGCTGGCCGAGCTGGTTAAG,Meaf6_1,Epc1,CTATGAGTCCATATACCCTG,Epc1_1,AGCTGGCCGAGCTGGTTAAG_CTATGAGTCCATATACCCTG,Kat7
Meaf6,AGCTGGCCGAGCTGGTTAAG,Meaf6_1,Epc1,TAGCACAAATGATCCTTACG,Epc1_2,AGCTGGCCGAGCTGGTTAAG_TAGCACAAATGATCCTTACG,Kat7
Meaf6,AGCTGGCCGAGCTGGTTAAG,Meaf6_1,Epc2,TAAAGCTGTATATGACTACT,Epc2_1,AGCTGGCCGAGCTGGTTAAG_TAAAGCTGTATATGACTACT,Kat7
Meaf6,AGCTGGCCGAGCTGGTTAAG,Meaf6_1,Epc2,TATCATTTGGGAGACTATGG,Epc2_2,AGCTGGCCGAGCTGGTTAAG_TATCATTTGGGAGACTATGG,Kat7
Meaf6,AGCTGGCCGAGCTGGTTAAG,Meaf6_1,Ing4,AGGTAGACAAACACATTCGG,Ing4_1,AGCTGGCCGAGCTGGTTAAG_AGGTAGACAAACACATTCGG,Kat7
Meaf6,AGCTGGCCGAGCTGGTTAAG,Meaf6_1,Ing4,GCGCTACTCATATATTCAG,Ing4_2,AGCTGGCCGAGCTGGTTAAG_GCGCTACTCATATATTCAG,Kat7
Meaf6,AGCTGGCCGAGCTGGTTAAG,Meaf6_1,Jade2,AGCTGCCCGTAGGCACCTTG,Jade2_1,AGCTGGCCGAGCTGGTTAAG_AGCTGCCCGTAGGCACCTTG,Kat7
Meaf6,AGCTGGCCGAGCTGGTTAAG,Meaf6_1,Jade2,TGAGATCGATGCGTACTGGT,Jade2_2,AGCTGGCCGAGCTGGTTAAG_TGAGATCGATGCGTACTGGT,Kat7
Meaf6,AGCTGGCCGAGCTGGTTAAG,Meaf6_1,Kat6a,ATTGGTGGCGAGTTTGACCG,Kat6a_1,AGCTGGCCGAGCTGGTTAAG_ATTGGTGGCGAGTTTGACCG,Kat7
Meaf6,AGCTGGCCGAGCTGGTTAAG,Meaf6_1,Kat6a,CTTCCACACGAGAAAGACA,Kat6a_2,AGCTGGCCGAGCTGGTTAAG_CTTCCACACGAGAAAGACA,Kat7
Meaf6,AGCTGGCCGAGCTGGTTAAG,Meaf6_1,Kat7,ACTCGGGCAGATCGGCGCG,Kat7_3,AGCTGGCCGAGCTGGTTAAG_ACTCGGGCAGATCGGCGCG,Kat7
Meaf6,AGCTGGCCGAGCTGGTTAAG,Meaf6_1,Kat7,CCTATCCTGAGGAATATGCG,Kat7_4,AGCTGGCCGAGCTGGTTAAG_CCTATCCTGAGGAATATGCG,Kat7
Meaf6,AGCTGGCCGAGCTGGTTAAG,Meaf6_1,Kmt2a,ACGGTAGCGCAGCAAGTGAC,Kmt2a_3,AGCTGGCCGAGCTGGTTAAG_ACGGTAGCGCAGCAAGTGAC,Kat7
Meaf6,AGCTGGCCGAGCTGGTTAAG,Meaf6_1,Kmt2a,AGAAAGGGCGGCGATCAAGG,Kmt2a_4,AGCTGGCCGAGCTGGTTAAG_AGAAAGGGCGGCGATCAAGG,Kat7
Meaf6,AGCTGGCCGAGCTGGTTAAG,Meaf6_1,Meaf6,AGCTGGCCGAGCTGGTTAAG,Meaf6_3,AGCTGGCCGAGCTGGTTAAG_AGCTGGCCGAGCTGGTTAAG,Kat7
Meaf6,AGCTGGCCGAGCTGGTTAAG,Meaf6_1,Meaf6,CCAATAGCAAAAACGACCGG,Meaf6_4,AGCTGGCCGAGCTGGTTAAG_CCAATAGCAAAAACGACCGG,Kat7
Meaf6,AGCTGGCCGAGCTGGTTAAG,Meaf6_1,Pcna,ATACGTGCAAATTCACCCGA,Pcna_1,AGCTGGCCGAGCTGGTTAAG_ATACGTGCAAATTCACCCGA,Kat7
Meaf6,AGCTGGCCGAGCTGGTTAAG,Meaf6_1,Pcna,CGCAGAGTAAGCTGTACCA,Pcna_2,AGCTGGCCGAGCTGGTTAAG_CGCAGAGTAAGCTGTACCA,Kat7
Meaf6,AGCTGGCCGAGCTGGTTAAG,Meaf6_1,Psip1,AAAAATTTAGCTAAACCAG,Psip1_1,AGCTGGCCGAGCTGGTTAAG_AAAAATTTAGCTAAACCAG,Kat7
Meaf6,AGCTGGCCGAGCTGGTTAAG,Meaf6_1,Psip1,ACTCCAAAAGCTGCCAGGCG,Psip1_2,AGCTGGCCGAGCTGGTTAAG_ACTCCAAAAGCTGCCAGGCG,Kat7
Meaf6,CCAATAGCAAAAACGACCGG,Meaf6_2,NT_1,CACGGGCAGCGATCTAGTTG,NT_1,CCAATAGCAAAAACGACCGG_CACGGGCAGCGATCTAGTTG,Kat7
Meaf6,CCAATAGCAAAAACGACCGG,Meaf6_2,NT_2,CTTCACGCCTTGGACCGATA,NT_2,CCAATAGCAAAAACGACCGG_CTTCACGCCTTGGACCGATA,Kat7
Meaf6,CCAATAGCAAAAACGACCGG,Meaf6_2,Safe_16,AGTACACTATAGTGGCTAGT,Safe_16,CCAATAGCAAAAACGACCGG_AGTACACTATAGTGGCTAGT,Kat7
Meaf6,CCAATAGCAAAAACGACCGG,Meaf6_2,Safe_37,ATGTAGGAGCTATAACATC,Safe_37,CCAATAGCAAAAACGACCGG_ATGTAGGAGCTATAACATC,Kat7
Meaf6,CCAATAGCAAAAACGACCGG,Meaf6_2,Epc1,CTATGAGTCCATATACCCTG,Epc1_1,CCAATAGCAAAAACGACCGG_CTATGAGTCCATATACCCTG,Kat7
Meaf6,CCAATAGCAAAAACGACCGG,Meaf6_2,Epc1,TAGCACAAATGATCCTTACG,Epc1_2,CCAATAGCAAAAACGACCGG_TAGCACAAATGATCCTTACG,Kat7
Meaf6,CCAATAGCAAAAACGACCGG,Meaf6_2,Epc2,TAAAGCTGTATATGACTACT,Epc2_1,CCAATAGCAAAAACGACCGG_TAAAGCTGTATATGACTACT,Kat7
Meaf6,CCAATAGCAAAAACGACCGG,Meaf6_2,Epc2,TATCATTTGGGAGACTATGG,Epc2_2,CCAATAGCAAAAACGACCGG_TATCATTTGGGAGACTATGG,Kat7
Meaf6,CCAATAGCAAAAACGACCGG,Meaf6_2,Ing4,AGGTAGACAAACACATTCGG,Ing4_1,CCAATAGCAAAAACGACCGG_AGGTAGACAAACACATTCGG,Kat7
Meaf6,CCAATAGCAAAAACGACCGG,Meaf6_2,Ing4,GCGCTACTCATATATTCAG,Ing4_2,CCAATAGCAAAAACGACCGG_GCGCTACTCATATATTCAG,Kat7
Meaf6,CCAATAGCAAAAACGACCGG,Meaf6_2,Jade2,AGCTGCCCGTAGGCACCTTG,Jade2_1,CCAATAGCAAAAACGACCGG_AGCTGCCCGTAGGCACCTTG,Kat7
Meaf6,CCAATAGCAAAAACGACCGG,Meaf6_2,Jade2,TGAGATCGATGCGTACTGGT,Jade2_2,CCAATAGCAAAAACGACCGG_TGAGATCGATGCGTACTGGT,Kat7
Meaf6,CCAATAGCAAAAACGACCGG,Meaf6_2,Kat6a,ATTGGTGGCGAGTTTGACCG,Kat6a_1,CCAATAGCAAAAACGACCGG_ATTGGTGGCGAGTTTGACCG,Kat7
Meaf6,CCAATAGCAAAAACGACCGG,Meaf6_2,Kat6a,CTTCCACACGAGAAAGACA,Kat6a_2,CCAATAGCAAAAACGACCGG_CTTCCACACGAGAAAGACA,Kat7
Meaf6,CCAATAGCAAAAACGACCGG,Meaf6_2,Kat7,ACTCGGGCAGATCGGCGCG,Kat7_3,CCAATAGCAAAAACGACCGG_ACTCGGGCAGATCGGCGCG,Kat7
Meaf6,CCAATAGCAAAAACGACCGG,Meaf6_2,Kat7,CCTATCCTGAGGAATATGCG,Kat7_4,CCAATAGCAAAAACGACCGG_CCTATCCTGAGGAATATGCG,Kat7
Meaf6,CCAATAGCAAAAACGACCGG,Meaf6_2,Kmt2a,ACGGTAGCGCAGCAAGTGAC,Kmt2a_3,CCAATAGCAAAAACGACCGG_ACGGTAGCGCAGCAAGTGAC,Kat7
Meaf6,CCAATAGCAAAAACGACCGG,Meaf6_2,Kmt2a,AGAAAGGGCGGCGATCAAGG,Kmt2a_4,CCAATAGCAAAAACGACCGG_AGAAAGGGCGGCGATCAAGG,Kat7
Meaf6,CCAATAGCAAAAACGACCGG,Meaf6_2,Meaf6,AGCTGGCCGAGCTGGTTAAG,Meaf6_3,CCAATAGCAAAAACGACCGG_AGCTGGCCGAGCTGGTTAAG,Kat7
Meaf6,CCAATAGCAAAAACGACCGG,Meaf6_2,Meaf6,CCAATAGCAAAAACGACCGG,Meaf6_4,CCAATAGCAAAAACGACCGG_CCAATAGCAAAAACGACCGG,Kat7
Meaf6,CCAATAGCAAAAACGACCGG,Meaf6_2,Pcna,ATACGTGCAAATTCACCCGA,Pcna_1,CCAATAGCAAAAACGACCGG_ATACGTGCAAATTCACCCGA,Kat7
Meaf6,CCAATAGCAAAAACGACCGG,Meaf6_2,Pcna,CGCAGAGTAAGCTGTACCA,Pcna_2,CCAATAGCAAAAACGACCGG_CGCAGAGTAAGCTGTACCA,Kat7
Meaf6,CCAATAGCAAAAACGACCGG,Meaf6_2,Psip1,AAAAATTTAGCTAAACCAG,Psip1_1,CCAATAGCAAAAACGACCGG_AAAAATTTAGCTAAACCAG,Kat7
Meaf6,CCAATAGCAAAAACGACCGG,Meaf6_2,Psip1,ACTCCAAAAGCTGCCAGGCG,Psip1_2,CCAATAGCAAAAACGACCGG_ACTCCAAAAGCTGCCAGGCG,Kat7
Spikein_1,ACCTTACAATGTTATATT,Spikein_1,Spikein_4,GTGACACTTTCTATTAGGT,Spikein_4,ACCTTACAATGTTATATT_GTGACACTTTCTATTAGGT,Spikein
Spikein_2,GTGACACTTTCTATTAGGT,Spikein_2,Spikein_4,GTGACACTTTCTATTAGGT,Spikein_4,GTGACACTTTCTATTAGGT_GTGACACTTTCTATTAGGT,Spikein
Spikein_3,CCTTGAAATCAAATCAAACC,Spikein_3,Spikein_4,GTGACACTTTCTATTAGGT,Spikein_4,CCTTGAAATCAAATCAAACC_GTGACACTTTCTATTAGGT,Spikein
